<!DOCTYPE hibernate-mapping PUBLIC 
    "-//Hibernate/Hibernate Mapping DTD 3.0//EN"
    "http://www.hibernate.org/dtd/hibernate-mapping-3.0.dtd">
    <hibernate-mapping>
    <class name="beans.Employee" table="employee003" schema="system">
    	<id name="id"/>
    	<discriminator column="etype"/>
    	<property name="name"/>
    	<property name="email"/>
    	<property name="address"/>
    	<property name="salary"/>
    	<subclass name="beans.SoftwareEmp" discriminator-value="setype">
    	<property name="orm"/>
    	<property name="framework"/>
    	</subclass>
    	<subclass name="beans.TesterEmp" discriminator-value="qatype">
    	<property name="tool"/>
    	</subclass>
    	<subclass name="beans.HREmp" discriminator-value="hrtype">
    	<property name="wh"/>
    	</subclass>
    </class>
    </hibernate-mapping>