<!DOCTYPE hibernate-mapping PUBLIC 
    "-//Hibernate/Hibernate Mapping DTD 3.0//EN"
    "http://www.hibernate.org/dtd/hibernate-mapping-3.0.dtd">
    <hibernate-mapping>
    <class name="beans.Employee" table="employee003" schema="system">
    	<id name="id"/>
    	<property name="name"/>
    	<property name="email"/>
    	<property name="address"/>
    	<property name="salary"/>
    	
    	<joined-subclass name="beans.SoftwareEmp" table="semp">
    		<key column="id"/>
    		<property name="orm"/>
    		<property name="framework"/>
    		
    	</joined-subclass>
    	<joined-subclass name="beans.TesterEmp" table="tesemp">
    		<key column="id"/>
    		<property name="tool"/>
    		
    	</joined-subclass>
    	<joined-subclass name="beans.HREmp" table="hremp">
    		<key column="id"/>
    		<property name="wh"/>
    	</joined-subclass>
    </class>
    </hibernate-mapping>