<!DOCTYPE hibernate-mapping PUBLIC 
    "-//Hibernate/Hibernate Mapping DTD 3.0//EN"
    "http://www.hibernate.org/dtd/hibernate-mapping-3.0.dtd">
    <hibernate-mapping>
    	<class name="beans.Question" table="question" schema="system">
    		<id name="id">
    			<generator class="increment"/>
    		</id>
    		<property name="qname"/>
    		<list name="answers" cascade="all">
    			<key column="qid"/>
    			<index column="type"/>
    			<one-to-many class="beans.Answer"/>
    		</list>
    	</class>
    </hibernate-mapping>