<!DOCTYPE hibernate-mapping PUBLIC 
    "-//Hibernate/Hibernate Mapping DTD 3.0//EN"
    "http://www.hibernate.org/dtd/hibernate-mapping-3.0.dtd">
   <hibernate-mapping>
   	<class  name="beans.Loan" table="loan" schema="system">
   		<id name="loanid"/>
   		<discriminator column="loantype"/>
   		<property name="loanamount"/>
   		<property name="loantenure"/>
   		<property name="loanname"/>
   		<property name="interstrate"/>
   		<subclass name="beans.HomeLoan" discriminator-value="homeloan">
   			<property name="cityname"/>
   		</subclass>
   		<subclass name="beans.VechileLoan" discriminator-value="homeloan">
   			<property name="vechiletype"/>
   		</subclass>
   		<subclass name="beans.VechileLoan" discriminator-value="homeloan">
   			<property name="salary"/>
   		</subclass>
   	</class>
   </hibernate-mapping>