<!DOCTYPE hibernate-configuration PUBLIC
	"-//Hibernate/Hibernate Configuration DTD 3.0//EN"
	"http://www.hibernate.org/dtd/hibernate-configuration-3.0.dtd">
	<hibernate-configuration>
		<session-factory>
			<property name="connection.driver_class">oracle.jdbc.OracleDriver</property>
       		<property name="connection.url">jdbc:oracle:thin:@localhost:1521:xe</property>
        	<property name="connection.username">system</property>
        	<property name="connection.password">123Akash</property>
        	<property name="connection.pool_size">10</property>
        	<property name="dialect">org.hibernate.dialect.Oracle10gDialect</property>
        	<property name="hbm2ddl.auto">update</property>
        	<property name="show_sql">true</property>
        	<mapping class="beans.Employee"/>
		</session-factory>
	</hibernate-configuration>
	