<!DOCTYPE hibernate-mapping PUBLIC 
    "-//Hibernate/Hibernate Mapping DTD 3.0//EN"
    "http://www.hibernate.org/dtd/hibernate-mapping-3.0.dtd">
    <hibernate-mapping>
    	<class name="beans.Student" table="studnet_otm_rel" schema="system">
    		<id name="id">
    			<generator class="increment"/>
    		</id>
    	    <property name="name"/>
    	    <list name="course" cascade="all">
    	    	<key column="cid"/>
    	    	<index type=""/>
    	    	<one-to-many class="beans.Course"/>
    	    </list>
    	</class>
    </hibernate-mapping>