<!DOCTYPE hibernate-mapping PUBLIC 
    "-//Hibernate/Hibernate Mapping DTD 3.0//EN"
    "http://www.hibernate.org/dtd/hibernate-mapping-3.0.dtd">
    <hibernate-mapping>
    	<class name="beans.Car" table="car123" schema="system">
    		<id name="id">
    			<generator class="increment"/>
    		</id>
    		<property name="carname"/>
    		<list name="enginne" cascade="all">
    			<key column="cid"/>
    			<index  column="type"/>
    			<one-to-many class ="beans.Enginee"/>
    		</list>
    	</class>
    </hibernate-mapping>