<!DOCTYPE hibernate-mapping PUBLIC 
    "-//Hibernate/Hibernate Mapping DTD 3.0//EN"
    "http://www.hibernate.org/dtd/hibernate-mapping-3.0.dtd">
    <hibernate-mapping>
    <class name="beans.Employee" schema="system">
    	<id name="id"/>
    	<property name="name"/>
    	<property name="email"/>
    	<property name="address"/>
    	<property name="salary"/>
    	
	     <union-subclass name="beans.SoftwareEmp" table="semp00" >
	     <property name="orm"/>
    	 <property name="framework"/>
	     </union-subclass>
	      <union-subclass name="beans.TesterEmp" table="tester00" >
	     <property name="tool"/>
  	     </union-subclass>
	      <union-subclass name="beans.HREmp" table="hremp00" >
	     <property name="wh"/>
	     </union-subclass>
    </class>
    </hibernate-mapping>