<!DOCTYPE hibernate-mapping PUBLIC 
    "-//Hibernate/Hibernate Mapping DTD 3.0//EN"
    "http://www.hibernate.org/dtd/hibernate-mapping-3.0.dtd">
    <hibernate-mapping>
    	<class name="beans.Employee" table="employee009" schema="system">
    		<id name="id">
    			<generator class="increment"/>
    		</id>
    		<property name="name"/>
    		<property name="email"/>
    		<property name="marks"/>
    		<property name="ranks"/>
    		<one-to-one name="address" cascade="all"/>
    	</class>
    </hibernate-mapping>